,[1],Ampelocalamus_calcareus,Ampelocalamus_scandens,Indocalamus_longiauritus
,[4],Thamnocalamus_spathiflorus,Chimonocalamus_longiusculus,Kuruna_densifolia
,[7],Bergbambos_tessellata,Pleioblastus_maculatus,Shibataea_kumasaca
,[10],Hickelia_madagascariensis,Melocanna_baccifera,Guadua_weberbaueri
,[13],Merostachys_sp,Rhipidocladum_pittieri,Buergersiochloa_bambusoides
,[16],Diandrolyra_sp,Lithachne_pauciflora,Eremitis_sp
,[19],Agrostis_stolonifera,Gastridium_sp,Briza_maxima
,[22],Anthoxanthum_odoratum,Avena_sativa,Phalaris_arundinacea
,[25],Torreyochloa_pallida,Catapodium_rigidum,Cynosurus_cristatus
,[28],Dactylis_glomerata,Festuca_pratensis,Deschampsia_antarctica
,[31],Holcus_lanatus,Phleum_alpinum,Puccinellia_nuttalliana
,[34],Brachypodium_distachyon,Ampelodesmos_mauritanicus,Nassella_hyalina
,[37],Piptatherum_songaricum,Phaenosperma_globosum,Lygeum_spartum
,[40],Humbertochloa_sp,Phyllorachis_saggitata,Rhynchoryza_subulata
,[43],Zizania_aquatica,Amphicarpum_muhlenbergianum,Echinochloa_crus-galli
,[46],Lasiacis_ruscifolia,Cenchrus_americanus,Stenotaphrum_secundatum
,[49],Chaetium_bromoides,Eriochloa_meyeriana,Megathyrsus_maximus
,[52],Tricholaena_monachne,Whiteochloa_capillipes,Dichanthelium_acuminatum
,[55],Thyridolepis_xerophila,Sacciolepis_indica,Apluda_mutica
,[58],Sorghastrum_nutans,Eulalia_aurea,Bothriochloa_alta
,[61],Iseilema_macratherum,Pogonatherum_paniceum,Saccharum_hybrid
,[64],Eremochloa_ophiuroides,Coix_lacryma-jobi,Rottboellia_cochinchinensis
,[67],Ischaemum_afrum,Chrysopogon_serrulatus,Arthraxon_prionodes
,[70],Axonopus_fissifolius,Paspalum_dilatatum,Homolepis_isocalycia
,[73],Oncorachis_ramosa,Plagiantha_tenella,Lecomtella_madagascariensis
,[76],Gynerium_sagittatum,Zeugites_pittieri,Thysanolaena_latifolia
,[79],Danthoniopsis_dinteri,Tristachya_nodiglumis,Sartidia_dewinteri
,[82],Astrebla_pectinata,Chloris_barbata,Leptochloa_virgata
,[85],Dactyloctenium_aegyptium,Trichoneura_grandiglumis,Vaseyochloa_multinervosa
,[88],Halopyrum_mucronatum,Oropetium_aristatum,Melanocenchris_abyssinica
,[91],Hilaria_cenchroides,Sporobolus_heterolepis,Zoysia_macrantha
,[94],Enneapogon_oblongus,Uniola_paniculata,Chaetobromus_involucratus
,[97],Tenaxia_guillarmodiae,Tribolium_hispidum,Schismus_arabicus
[100],,Monachather_paradoxus,Micraira_sp,Puelia_olyriformis
[103],,Joinvillea_ascendens,,
,,,,
$unmatched.rows,,,,
[1],Aristida_ternipes,Bromus_inermis,Bromus_tectorum,
[4],Danthonia_spicata,Ehrharta_stipoides,Elionurus_barbiculmis,
[7],Elymus_repens,Eragrostis_walteri,Eriachne_aristidea,
[10],Eriachne_mucronata,Eriachne_obtusa,Glyceria_striata,
[13],Guaduella_sp,Hakonechloa_granularis,Hesperostipa_neomexicana,
[16],Leymus_salinus,Merxmuellera_disticha,Pharus_lappulaceus,
[19],Scolochloa_festucacea,Spartina_pectinata,Steinchisma_decipens,
